timestamp,BTCUSD-BMX-00000000-FUT
1/27/2020 0:05,8604.5
1/27/2020 0:10,8623.5
1/27/2020 0:15,8635.5
1/27/2020 0:20,8669.5
1/27/2020 0:25,8674
1/27/2020 0:30,8670.5
1/27/2020 0:35,8644.5
1/27/2020 0:40,8639.5
1/27/2020 0:45,8638.5
1/27/2020 0:50,8633
1/27/2020 0:55,8648
1/27/2020 1:00,8642
1/27/2020 1:05,8660
1/27/2020 1:10,8655.5
1/27/2020 1:15,8659
1/27/2020 1:20,8652.5
1/27/2020 1:25,8660.5
1/27/2020 1:30,8658
1/27/2020 1:35,8645.5
1/27/2020 1:40,8650.5
1/27/2020 1:45,8645.5
1/27/2020 1:50,8643.5
1/27/2020 1:55,8636
1/27/2020 2:00,8637
1/27/2020 2:05,8623.5
1/27/2020 2:10,8629
1/27/2020 2:15,8624.5
1/27/2020 2:20,8634
1/27/2020 2:25,8632
1/27/2020 2:30,8640
1/27/2020 2:35,8637.5
1/27/2020 2:40,8641.5
1/27/2020 2:45,8641
1/27/2020 2:50,8630
1/27/2020 2:55,8631.5
1/27/2020 3:00,8628
1/27/2020 3:05,8633
1/27/2020 3:10,8624.5
1/27/2020 3:15,8632.5
1/27/2020 3:20,8639.5
1/27/2020 3:25,8641.5
1/27/2020 3:30,8640
1/27/2020 3:35,8640.5
1/27/2020 3:40,8640.5
1/27/2020 3:45,8652
1/27/2020 3:50,8647
1/27/2020 3:55,8645.5
1/27/2020 4:00,8640.5
1/27/2020 4:05,8650
1/27/2020 4:10,8655.5
1/27/2020 4:15,8650.5
1/27/2020 4:20,8644
1/27/2020 4:25,8624.5
1/27/2020 4:30,8622.5
1/27/2020 4:35,8627.5
1/27/2020 4:40,8627.5
1/27/2020 4:45,8618
1/27/2020 4:50,8616.5
1/27/2020 4:55,8625
1/27/2020 5:00,8622
1/27/2020 5:05,8624.5
1/27/2020 5:10,8614.5
1/27/2020 5:15,8620.5
1/27/2020 5:20,8617
1/27/2020 5:25,8615.5
1/27/2020 5:30,8623
1/27/2020 5:35,8625.5
1/27/2020 5:40,8627.5
1/27/2020 5:45,8627
1/27/2020 5:50,8630
1/27/2020 5:55,8631
1/27/2020 6:00,8631
1/27/2020 6:05,8630
1/27/2020 6:10,8629.5
1/27/2020 6:15,8631.5
1/27/2020 6:20,8631.5
1/27/2020 6:25,8628.5
1/27/2020 6:30,8625
1/27/2020 6:35,8620.5
1/27/2020 6:40,8620.5
1/27/2020 6:45,8636
1/27/2020 6:50,8638.5
1/27/2020 6:55,8637
1/27/2020 7:00,8630
1/27/2020 7:05,8630
1/27/2020 7:10,8630
1/27/2020 7:15,8631.5
1/27/2020 7:20,8639.5
1/27/2020 7:25,8642
1/27/2020 7:30,8641
1/27/2020 7:35,8641.5
1/27/2020 7:40,8639.5
1/27/2020 7:45,8640
1/27/2020 7:50,8641.5
1/27/2020 7:55,8640
1/27/2020 8:00,8627
1/27/2020 8:05,8625
1/27/2020 8:10,8627
1/27/2020 8:15,8625
1/27/2020 8:20,8624.5
1/27/2020 8:25,8624.5
1/27/2020 8:30,8627.5
1/27/2020 8:35,8627.5
1/27/2020 8:40,8619
1/27/2020 8:45,8581
1/27/2020 8:50,8579.5
1/27/2020 8:55,8591
1/27/2020 9:00,8596
1/27/2020 9:05,8607
1/27/2020 9:10,8601
1/27/2020 9:15,8605.5
1/27/2020 9:20,8610
1/27/2020 9:25,8627
1/27/2020 9:30,8619
1/27/2020 9:35,8621.5
1/27/2020 9:40,8616.5
1/27/2020 9:45,8625
1/27/2020 9:50,8623
1/27/2020 9:55,8624.5
1/27/2020 10:00,8624
1/27/2020 10:05,8638
1/27/2020 10:10,8646.5
1/27/2020 10:15,8626
1/27/2020 10:20,8624
1/27/2020 10:25,8625
1/27/2020 10:30,8620
1/27/2020 10:35,8624
1/27/2020 10:40,8616
1/27/2020 10:45,8617.5
1/27/2020 10:50,8623.5
1/27/2020 10:55,8616
1/27/2020 11:00,8622
1/27/2020 11:05,8621.5
1/27/2020 11:10,8632
1/27/2020 11:15,8633
1/27/2020 11:20,8623.5
1/27/2020 11:25,8623.5
1/27/2020 11:30,8620.5
1/27/2020 11:35,8630
1/27/2020 11:40,8633.5
1/27/2020 11:45,8661.5
1/27/2020 11:50,8729
1/27/2020 11:55,8719.5
1/27/2020 12:00,8718
1/27/2020 12:05,8708
1/27/2020 12:10,8706.5
1/27/2020 12:15,8699.5
1/27/2020 12:20,8711.5
1/27/2020 12:25,8695
1/27/2020 12:30,8714
1/27/2020 12:35,8709
1/27/2020 12:40,8719
1/27/2020 12:45,8729
1/27/2020 12:50,8712
1/27/2020 12:55,8728.5
1/27/2020 13:00,8723
1/27/2020 13:05,8720.5
1/27/2020 13:10,8725
1/27/2020 13:15,8732.5
1/27/2020 13:20,8726
1/27/2020 13:25,8729
1/27/2020 13:30,8741
1/27/2020 13:35,8752.5
1/27/2020 13:40,8741
1/27/2020 13:45,8721
1/27/2020 13:50,8729
1/27/2020 13:55,8718.5
1/27/2020 14:00,8722.5
1/27/2020 14:05,8725.5
1/27/2020 14:10,8732.5
1/27/2020 14:15,8730
1/27/2020 14:20,8723.5
1/27/2020 14:25,8724
1/27/2020 14:30,8725.5
1/27/2020 14:35,8708
1/27/2020 14:40,8709.5
1/27/2020 14:45,8713.5
1/27/2020 14:50,8730
1/27/2020 14:55,8737.5
1/27/2020 15:00,8752
1/27/2020 15:05,8760
1/27/2020 15:10,8752.5
1/27/2020 15:15,8757.5
1/27/2020 15:20,8763.5
1/27/2020 15:25,8753.5
1/27/2020 15:30,8767
1/27/2020 15:35,8765
1/27/2020 15:40,8770
1/27/2020 15:45,8754.5
1/27/2020 15:50,8754.5
1/27/2020 15:55,8754
1/27/2020 16:00,8766
1/27/2020 16:05,8742.5
1/27/2020 16:10,8768.5
1/27/2020 16:15,8788
1/27/2020 16:20,8772.5
1/27/2020 16:25,8766.5
1/27/2020 16:30,8761
1/27/2020 16:35,8776.5
1/27/2020 16:40,8776.5
1/27/2020 16:45,8780.5
1/27/2020 16:50,8776
1/27/2020 16:55,8770.5
1/27/2020 17:00,8776.5
1/27/2020 17:05,8788
1/27/2020 17:10,8775.5
1/27/2020 17:15,8766.5
1/27/2020 17:20,8780
1/27/2020 17:25,8781.5
1/27/2020 17:30,8774.5
1/27/2020 17:35,8770.5
1/27/2020 17:40,8760.5
1/27/2020 17:45,8764
1/27/2020 17:50,8756.5
1/27/2020 17:55,8749
1/27/2020 18:00,8762.5
1/27/2020 18:05,8755.5
1/27/2020 18:10,8754
1/27/2020 18:15,8751.5
1/27/2020 18:20,8762.5
1/27/2020 18:25,8755.5
1/27/2020 18:30,8764
1/27/2020 18:35,8764
1/27/2020 18:40,8774.5
1/27/2020 18:45,8768
1/27/2020 18:50,8787.5
1/27/2020 18:55,8875
1/27/2020 19:00,8860
1/27/2020 19:05,8869.5
1/27/2020 19:10,8877.5
1/27/2020 19:15,8881.5
1/27/2020 19:20,8924.5
1/27/2020 19:25,8936.5
1/27/2020 19:30,8952.5
1/27/2020 19:35,8935
1/27/2020 19:40,8905
1/27/2020 19:45,8906
1/27/2020 19:50,8922
1/27/2020 19:55,8917
1/27/2020 20:00,8940
1/27/2020 20:05,8921
1/27/2020 20:10,8920.5
1/27/2020 20:15,8925
1/27/2020 20:20,8920
1/27/2020 20:25,8931.5
1/27/2020 20:30,8945
1/27/2020 20:35,8944
1/27/2020 20:40,8955
1/27/2020 20:45,8945
1/27/2020 20:50,8947.5
1/27/2020 20:55,8973
1/27/2020 21:00,8968
1/27/2020 21:05,8945
1/27/2020 21:10,8943
1/27/2020 21:15,8948.5
1/27/2020 21:20,8969
1/27/2020 21:25,8926.5
1/27/2020 21:30,8935
1/27/2020 21:35,8934
1/27/2020 21:40,8940
1/27/2020 21:45,8949.5
1/27/2020 21:50,8953.5
1/27/2020 21:55,8950
1/27/2020 22:00,8941.5
1/27/2020 22:05,8941
1/27/2020 22:10,8929.5
1/27/2020 22:15,8941
1/27/2020 22:20,8919.5
1/27/2020 22:25,8908
1/27/2020 22:30,8909
1/27/2020 22:35,8906
1/27/2020 22:40,8897.5
1/27/2020 22:45,8916
1/27/2020 22:50,8920
1/27/2020 22:55,8897
1/27/2020 23:00,8893
1/27/2020 23:05,8898
1/27/2020 23:10,8902
1/27/2020 23:15,8917.5
1/27/2020 23:20,8925.5
1/27/2020 23:25,8929
1/27/2020 23:30,8927
1/27/2020 23:35,8906.5
1/27/2020 23:40,8890
1/27/2020 23:45,8911
1/27/2020 23:50,8898
1/27/2020 23:55,8900
1/28/2020 0:00,8911
1/28/2020 0:05,8916
1/28/2020 0:10,8926.5
1/28/2020 0:15,8933.5
1/28/2020 0:20,8923.5
1/28/2020 0:25,8932
1/28/2020 0:30,8975.5
1/28/2020 0:35,9038
1/28/2020 0:40,9060
1/28/2020 0:45,9041.5
1/28/2020 0:50,9061.5
1/28/2020 0:55,9063
1/28/2020 1:00,9115.5
1/28/2020 1:05,9093
1/28/2020 1:10,9100.5
1/28/2020 1:15,9109
1/28/2020 1:20,9111.5
1/28/2020 1:25,9106.5
1/28/2020 1:30,9096
1/28/2020 1:35,9095.5
1/28/2020 1:40,9088
1/28/2020 1:45,9100
1/28/2020 1:50,9110
1/28/2020 1:55,9120
1/28/2020 2:00,9109
1/28/2020 2:05,9108
1/28/2020 2:10,9108.5
1/28/2020 2:15,9108
1/28/2020 2:20,9103
1/28/2020 2:25,9105.5
1/28/2020 2:30,9100
1/28/2020 2:35,9102
1/28/2020 2:40,9098
1/28/2020 2:45,9108.5
1/28/2020 2:50,9115.5
1/28/2020 2:55,9115.5
1/28/2020 3:00,9107
1/28/2020 3:05,9093
1/28/2020 3:10,9095
1/28/2020 3:15,9089.5
1/28/2020 3:20,9091.5
1/28/2020 3:25,9094.5
1/28/2020 3:30,9101
1/28/2020 3:35,9096.5
1/28/2020 3:40,9092.5
1/28/2020 3:45,9100.5
1/28/2020 3:50,9100.5
1/28/2020 3:55,9105
1/28/2020 4:00,9113.5
1/28/2020 4:05,9123.5
1/28/2020 4:10,9128
1/28/2020 4:15,9111.5
1/28/2020 4:20,9092
1/28/2020 4:25,9104.5
1/28/2020 4:30,9100
1/28/2020 4:35,9094
1/28/2020 4:40,9085
1/28/2020 4:45,9069.5
1/28/2020 4:50,9070
1/28/2020 4:55,9045
1/28/2020 5:00,9053.5
1/28/2020 5:05,9060
1/28/2020 5:10,9049
1/28/2020 5:15,9031.5
1/28/2020 5:20,8990
1/28/2020 5:25,8980.5
1/28/2020 5:30,8995.5
1/28/2020 5:35,9017
1/28/2020 5:40,9045.5
1/28/2020 5:45,9051
1/28/2020 5:50,9065
1/28/2020 5:55,9054.5
1/28/2020 6:00,9055
1/28/2020 6:05,9042
1/28/2020 6:10,9027
1/28/2020 6:15,9027
1/28/2020 6:20,9012.5
1/28/2020 6:25,9018
1/28/2020 6:30,9003.5
1/28/2020 6:35,9012.5
1/28/2020 6:40,9019
1/28/2020 6:45,9030
1/28/2020 6:50,9032
1/28/2020 6:55,9011.5
1/28/2020 7:00,9019
1/28/2020 7:05,9003
1/28/2020 7:10,9016
1/28/2020 7:15,9032
1/28/2020 7:20,9017
1/28/2020 7:25,9042
1/28/2020 7:30,9051
1/28/2020 7:35,9044.5
1/28/2020 7:40,9040
1/28/2020 7:45,9050
1/28/2020 7:50,9050
1/28/2020 7:55,9037
1/28/2020 8:00,9026.5
1/28/2020 8:05,9021.5
1/28/2020 8:10,9017.5
1/28/2020 8:15,9005.5
1/28/2020 8:20,8980.5
1/28/2020 8:25,8973
1/28/2020 8:30,8991
1/28/2020 8:35,9007
1/28/2020 8:40,8996.5
1/28/2020 8:45,9013.5
1/28/2020 8:50,9002.5
1/28/2020 8:55,8991.5
1/28/2020 9:00,8980.5
1/28/2020 9:05,8973
1/28/2020 9:10,8978.5
1/28/2020 9:15,8977.5
1/28/2020 9:20,8988
1/28/2020 9:25,9002
1/28/2020 9:30,8985.5
1/28/2020 9:35,8983
1/28/2020 9:40,8975
1/28/2020 9:45,8984
1/28/2020 9:50,8976.5
1/28/2020 9:55,8970.5
1/28/2020 10:00,8953.5
1/28/2020 10:05,8965.5
1/28/2020 10:10,8974
1/28/2020 10:15,8994
1/28/2020 10:20,9005.5
1/28/2020 10:25,9016
1/28/2020 10:30,9021
1/28/2020 10:35,9025
1/28/2020 10:40,9017
1/28/2020 10:45,9008
1/28/2020 10:50,9014
1/28/2020 10:55,9013
1/28/2020 11:00,9029.5
1/28/2020 11:05,9048.5
1/28/2020 11:10,9062
1/28/2020 11:15,9067.5
1/28/2020 11:20,9063.5
1/28/2020 11:25,9088.5
1/28/2020 11:30,9079
1/28/2020 11:35,9084.5
1/28/2020 11:40,9078
1/28/2020 11:45,9067
1/28/2020 11:50,9058.5
1/28/2020 11:55,9068
1/28/2020 12:00,9074.5
1/28/2020 12:05,9027.5
1/28/2020 12:10,9021.5
1/28/2020 12:15,9025
1/28/2020 12:20,9038.5
1/28/2020 12:25,9035.5
1/28/2020 12:30,9008.5
1/28/2020 12:35,9016.5
1/28/2020 12:40,9039.5
1/28/2020 12:45,9043.5
1/28/2020 12:50,9040
1/28/2020 12:55,9036
1/28/2020 13:00,9029
1/28/2020 13:05,9046.5
1/28/2020 13:10,9058
1/28/2020 13:15,9053.5
1/28/2020 13:20,9070
1/28/2020 13:25,9064
1/28/2020 13:30,9040
1/28/2020 13:35,9048
1/28/2020 13:40,9060.5
1/28/2020 13:45,9063.5
1/28/2020 13:50,9086.5
1/28/2020 13:55,9079
1/28/2020 14:00,9078.5
1/28/2020 14:05,9102
1/28/2020 14:10,9153.5
1/28/2020 14:15,9136.5
1/28/2020 14:20,9137.5
1/28/2020 14:25,9181
1/28/2020 14:30,9173.5
1/28/2020 14:35,9157
1/28/2020 14:40,9100.5
1/28/2020 14:45,9053
1/28/2020 14:50,9035
1/28/2020 14:55,9025
1/28/2020 15:00,9003
1/28/2020 15:05,9033.5
1/28/2020 15:10,9030
1/28/2020 15:15,9036.5
1/28/2020 15:20,9024
1/28/2020 15:25,8997
1/28/2020 15:30,8995
1/28/2020 15:35,8968
1/28/2020 15:40,8999.5
1/28/2020 15:45,8984
1/28/2020 15:50,9012.5
1/28/2020 15:55,9011
1/28/2020 16:00,8992
1/28/2020 16:05,9026
1/28/2020 16:10,9024.5
1/28/2020 16:15,9013.5
1/28/2020 16:20,8999
1/28/2020 16:25,9001.5
1/28/2020 16:30,8989.5
1/28/2020 16:35,8981.5
1/28/2020 16:40,8997.5
1/28/2020 16:45,9000.5
1/28/2020 16:50,8972.5
1/28/2020 16:55,8961
1/28/2020 17:00,8966.5
1/28/2020 17:05,8977.5
1/28/2020 17:10,8981
1/28/2020 17:15,8934.5
1/28/2020 17:20,8931.5
1/28/2020 17:25,8929
1/28/2020 17:30,8906.5
1/28/2020 17:35,8956
1/28/2020 17:40,8950.5
1/28/2020 17:45,8957
1/28/2020 17:50,8962.5
1/28/2020 17:55,8969.5
1/28/2020 18:00,8976.5
1/28/2020 18:05,9015.5
1/28/2020 18:10,9005.5
1/28/2020 18:15,8996.5
1/28/2020 18:20,8998.5
1/28/2020 18:25,8993.5
1/28/2020 18:30,9004
1/28/2020 18:35,8998
1/28/2020 18:40,8973
1/28/2020 18:45,8987.5
1/28/2020 18:50,8983
1/28/2020 18:55,8984
1/28/2020 19:00,8975
1/28/2020 19:05,8968
1/28/2020 19:10,8985.5
1/28/2020 19:15,8985.5
1/28/2020 19:20,8977.5
1/28/2020 19:25,8984
1/28/2020 19:30,9008
1/28/2020 19:35,9005
1/28/2020 19:40,9014
1/28/2020 19:45,9009.5
1/28/2020 19:50,9018.5
1/28/2020 19:55,8994
1/28/2020 20:00,9041
1/28/2020 20:05,9034
1/28/2020 20:10,9050
1/28/2020 20:15,9072.5
1/28/2020 20:20,9054.5
1/28/2020 20:25,9057
1/28/2020 20:30,9068.5
1/28/2020 20:35,9076
1/28/2020 20:40,9061.5
1/28/2020 20:45,9052.5
1/28/2020 20:50,9050
1/28/2020 20:55,9053
1/28/2020 21:00,9067.5
1/28/2020 21:05,9094
1/28/2020 21:10,9087
1/28/2020 21:15,9099
1/28/2020 21:20,9088.5
1/28/2020 21:25,9072
1/28/2020 21:30,9046.5
1/28/2020 21:35,9038
1/28/2020 21:40,9065.5
1/28/2020 21:45,9066.5
1/28/2020 21:50,9071
1/28/2020 21:55,9047
1/28/2020 22:00,9059.5
1/28/2020 22:05,9058.5
1/28/2020 22:10,9062.5
1/28/2020 22:15,9077.5
1/28/2020 22:20,9074
1/28/2020 22:25,9068.5
1/28/2020 22:30,9081.5
1/28/2020 22:35,9084.5
1/28/2020 22:40,9125.5
1/28/2020 22:45,9166
1/28/2020 22:50,9164.5
1/28/2020 22:55,9142.5
1/28/2020 23:00,9162
1/28/2020 23:05,9155.5
1/28/2020 23:10,9128.5
1/28/2020 23:15,9138
1/28/2020 23:20,9155.5
1/28/2020 23:25,9165.5
1/28/2020 23:30,9193.5
1/28/2020 23:35,9364.5
1/28/2020 23:40,9376.5
1/28/2020 23:45,9353
1/28/2020 23:50,9389
1/28/2020 23:55,9400
1/29/2020 0:00,9403
1/29/2020 0:05,9391.5
1/29/2020 0:10,9393.5
1/29/2020 0:15,9413
1/29/2020 0:20,9394.5
1/29/2020 0:25,9376.5
1/29/2020 0:30,9368.5
1/29/2020 0:35,9352
1/29/2020 0:40,9341
1/29/2020 0:45,9359
1/29/2020 0:50,9348.5
1/29/2020 0:55,9341.5
1/29/2020 1:00,9374
1/29/2020 1:05,9378
1/29/2020 1:10,9379.5
1/29/2020 1:15,9364
1/29/2020 1:20,9335
1/29/2020 1:25,9347.5
1/29/2020 1:30,9367.5
1/29/2020 1:35,9348
1/29/2020 1:40,9340
1/29/2020 1:45,9338
1/29/2020 1:50,9348
1/29/2020 1:55,9352.5
1/29/2020 2:00,9366.5
1/29/2020 2:05,9358
1/29/2020 2:10,9353.5
1/29/2020 2:15,9357
1/29/2020 2:20,9302.5
1/29/2020 2:25,9308.5
1/29/2020 2:30,9325
1/29/2020 2:35,9328
1/29/2020 2:40,9321.5
1/29/2020 2:45,9332
1/29/2020 2:50,9342
1/29/2020 2:55,9334
1/29/2020 3:00,9349.5
1/29/2020 3:05,9347
1/29/2020 3:10,9344
1/29/2020 3:15,9338
1/29/2020 3:20,9351
1/29/2020 3:25,9325
1/29/2020 3:30,9322.5
1/29/2020 3:35,9355
1/29/2020 3:40,9364.5
1/29/2020 3:45,9361.5
1/29/2020 3:50,9365
1/29/2020 3:55,9352
1/29/2020 4:00,9378.5
1/29/2020 4:05,9373
1/29/2020 4:10,9372
1/29/2020 4:15,9349
1/29/2020 4:20,9345.5
1/29/2020 4:25,9338.5
1/29/2020 4:30,9339
1/29/2020 4:35,9337
1/29/2020 4:40,9330
1/29/2020 4:45,9339
1/29/2020 4:50,9343
1/29/2020 4:55,9335
1/29/2020 5:00,9335
1/29/2020 5:05,9349.5
1/29/2020 5:10,9347.5
1/29/2020 5:15,9352.5
1/29/2020 5:20,9357.5
1/29/2020 5:25,9363
1/29/2020 5:30,9346.5
1/29/2020 5:35,9344
1/29/2020 5:40,9353.5
1/29/2020 5:45,9355.5
1/29/2020 5:50,9350.5
1/29/2020 5:55,9362
1/29/2020 6:00,9367.5
1/29/2020 6:05,9361
1/29/2020 6:10,9361
1/29/2020 6:15,9373.5
1/29/2020 6:20,9374
1/29/2020 6:25,9374
1/29/2020 6:30,9377
1/29/2020 6:35,9356.5
1/29/2020 6:40,9352
1/29/2020 6:45,9354
1/29/2020 6:50,9359
1/29/2020 6:55,9337
1/29/2020 7:00,9332.5
1/29/2020 7:05,9338
1/29/2020 7:10,9344
1/29/2020 7:15,9344
1/29/2020 7:20,9344.5
1/29/2020 7:25,9344.5
1/29/2020 7:30,9350
1/29/2020 7:35,9353.5
1/29/2020 7:40,9348.5
1/29/2020 7:45,9342
1/29/2020 7:50,9355
1/29/2020 7:55,9364
1/29/2020 8:00,9355
1/29/2020 8:05,9349
1/29/2020 8:10,9351
1/29/2020 8:15,9351.5
1/29/2020 8:20,9363.5
1/29/2020 8:25,9352
1/29/2020 8:30,9363
1/29/2020 8:35,9364
1/29/2020 8:40,9369.5
1/29/2020 8:45,9361.5
1/29/2020 8:50,9368.5
1/29/2020 8:55,9381.5
1/29/2020 9:00,9363
1/29/2020 9:05,9357
1/29/2020 9:10,9356.5
1/29/2020 9:15,9352.5
1/29/2020 9:20,9342.5
1/29/2020 9:25,9347
1/29/2020 9:30,9350.5
1/29/2020 9:35,9347.5
1/29/2020 9:40,9349.5
1/29/2020 9:45,9340.5
1/29/2020 9:50,9331
1/29/2020 9:55,9331
1/29/2020 10:00,9301.5
1/29/2020 10:05,9302
1/29/2020 10:10,9295.5
1/29/2020 10:15,9358.5
1/29/2020 10:20,9355
1/29/2020 10:25,9355
1/29/2020 10:30,9365
1/29/2020 10:35,9354.5
1/29/2020 10:40,9361.5
1/29/2020 10:45,9386
1/29/2020 10:50,9400
1/29/2020 10:55,9406
1/29/2020 11:00,9373
1/29/2020 11:05,9294
1/29/2020 11:10,9288
1/29/2020 11:15,9282
1/29/2020 11:20,9295
1/29/2020 11:25,9270
1/29/2020 11:30,9277.5
1/29/2020 11:35,9261.5
1/29/2020 11:40,9277
1/29/2020 11:45,9274.5
1/29/2020 11:50,9275.5
1/29/2020 11:55,9290.5
1/29/2020 12:00,9295.5
1/29/2020 12:05,9279
1/29/2020 12:10,9274.5
1/29/2020 12:15,9252.5
1/29/2020 12:20,9268
1/29/2020 12:25,9284.5
1/29/2020 12:30,9289.5
1/29/2020 12:35,9292
1/29/2020 12:40,9280
1/29/2020 12:45,9284.5
1/29/2020 12:50,9271
1/29/2020 12:55,9276.5
1/29/2020 13:00,9271.5
1/29/2020 13:05,9264.5
1/29/2020 13:10,9305.5
1/29/2020 13:15,9336
1/29/2020 13:20,9332.5
1/29/2020 13:25,9286
1/29/2020 13:30,9294
1/29/2020 13:35,9315
1/29/2020 13:40,9316.5
1/29/2020 13:45,9310
1/29/2020 13:50,9298
1/29/2020 13:55,9314.5
1/29/2020 14:00,9303
1/29/2020 14:05,9299.5
1/29/2020 14:10,9310
1/29/2020 14:15,9315.5
1/29/2020 14:20,9334.5
1/29/2020 14:25,9331
1/29/2020 14:30,9316
1/29/2020 14:35,9312
1/29/2020 14:40,9317
1/29/2020 14:45,9323
1/29/2020 14:50,9320
1/29/2020 14:55,9325
1/29/2020 15:00,9305
1/29/2020 15:05,9302.5
1/29/2020 15:10,9291.5
1/29/2020 15:15,9297
1/29/2020 15:20,9307
1/29/2020 15:25,9300.5
1/29/2020 15:30,9285.5
1/29/2020 15:35,9304
1/29/2020 15:40,9280.5
1/29/2020 15:45,9280
1/29/2020 15:50,9290
1/29/2020 15:55,9279.5
1/29/2020 16:00,9272.5
1/29/2020 16:05,9287.5
1/29/2020 16:10,9317
1/29/2020 16:15,9324.5
1/29/2020 16:20,9323.5
1/29/2020 16:25,9326.5
1/29/2020 16:30,9325.5
1/29/2020 16:35,9321
1/29/2020 16:40,9324.5
1/29/2020 16:45,9335
1/29/2020 16:50,9341
1/29/2020 16:55,9344
1/29/2020 17:00,9332.5
1/29/2020 17:05,9342.5
1/29/2020 17:10,9337.5
1/29/2020 17:15,9333.5
1/29/2020 17:20,9355
1/29/2020 17:25,9356
1/29/2020 17:30,9352
1/29/2020 17:35,9342.5
1/29/2020 17:40,9332
1/29/2020 17:45,9331.5
1/29/2020 17:50,9335.5
1/29/2020 17:55,9331
1/29/2020 18:00,9348
1/29/2020 18:05,9343
1/29/2020 18:10,9335
1/29/2020 18:15,9347
1/29/2020 18:20,9353
1/29/2020 18:25,9342.5
1/29/2020 18:30,9351.5
1/29/2020 18:35,9353.5
1/29/2020 18:40,9364.5
1/29/2020 18:45,9360.5
1/29/2020 18:50,9346
1/29/2020 18:55,9351
1/29/2020 19:00,9355.5
1/29/2020 19:05,9336
1/29/2020 19:10,9332
1/29/2020 19:15,9325.5
1/29/2020 19:20,9323.5
1/29/2020 19:25,9342.5
1/29/2020 19:30,9358
1/29/2020 19:35,9391
1/29/2020 19:40,9379
1/29/2020 19:45,9393.5
1/29/2020 19:50,9369.5
1/29/2020 19:55,9378
1/29/2020 20:00,9386.5
1/29/2020 20:05,9371.5
1/29/2020 20:10,9371
1/29/2020 20:15,9360.5
1/29/2020 20:20,9367
1/29/2020 20:25,9373
1/29/2020 20:30,9365.5
1/29/2020 20:35,9383
1/29/2020 20:40,9382.5
1/29/2020 20:45,9362.5
1/29/2020 20:50,9370.5
1/29/2020 20:55,9382.5
1/29/2020 21:00,9392
1/29/2020 21:05,9380.5
1/29/2020 21:10,9395.5
1/29/2020 21:15,9415
1/29/2020 21:20,9333.5
1/29/2020 21:25,9340.5
1/29/2020 21:30,9351.5
1/29/2020 21:35,9345
1/29/2020 21:40,9348
1/29/2020 21:45,9345
1/29/2020 21:50,9348.5
1/29/2020 21:55,9366.5
1/29/2020 22:00,9366
1/29/2020 22:05,9355
1/29/2020 22:10,9345
1/29/2020 22:15,9358
1/29/2020 22:20,9357.5
1/29/2020 22:25,9338
1/29/2020 22:30,9338.5
1/29/2020 22:35,9324
1/29/2020 22:40,9311
1/29/2020 22:45,9328
1/29/2020 22:50,9339.5
1/29/2020 22:55,9331
1/29/2020 23:00,9329.5
1/29/2020 23:05,9336.5
1/29/2020 23:10,9341
1/29/2020 23:15,9342.5
1/29/2020 23:20,9342
1/29/2020 23:25,9331.5
1/29/2020 23:30,9325
1/29/2020 23:35,9331.5
1/29/2020 23:40,9331.5
1/29/2020 23:45,9321.5
1/29/2020 23:50,9295.5
1/29/2020 23:55,9294.5
1/30/2020 0:00,9327
1/30/2020 0:05,9285.5
1/30/2020 0:10,9265
1/30/2020 0:15,9256
1/30/2020 0:20,9257
1/30/2020 0:25,9231
1/30/2020 0:30,9223
1/30/2020 0:35,9236
1/30/2020 0:40,9244
1/30/2020 0:45,9238.5
1/30/2020 0:50,9260.5
1/30/2020 0:55,9266.5
1/30/2020 1:00,9263.5
1/30/2020 1:05,9257
1/30/2020 1:10,9267
1/30/2020 1:15,9257.5
1/30/2020 1:20,9252
1/30/2020 1:25,9254.5
1/30/2020 1:30,9253
1/30/2020 1:35,9265
1/30/2020 1:40,9275
1/30/2020 1:45,9265
1/30/2020 1:50,9274.5
1/30/2020 1:55,9275
1/30/2020 2:00,9262
1/30/2020 2:05,9265.5
1/30/2020 2:10,9263
1/30/2020 2:15,9262.5
1/30/2020 2:20,9260
1/30/2020 2:25,9262.5
1/30/2020 2:30,9262
1/30/2020 2:35,9256.5
1/30/2020 2:40,9243
1/30/2020 2:45,9254.5
1/30/2020 2:50,9255
1/30/2020 2:55,9240.5
1/30/2020 3:00,9243.5
1/30/2020 3:05,9239.5
1/30/2020 3:10,9250.5
1/30/2020 3:15,9257.5
1/30/2020 3:20,9257
1/30/2020 3:25,9257
1/30/2020 3:30,9257.5
1/30/2020 3:35,9261.5
1/30/2020 3:40,9261.5
1/30/2020 3:45,9266.5
1/30/2020 3:50,9260.5
1/30/2020 3:55,9257.5
1/30/2020 4:00,9275
1/30/2020 4:05,9300
1/30/2020 4:10,9322.5
1/30/2020 4:15,9314.5
1/30/2020 4:20,9347.5
1/30/2020 4:25,9338
1/30/2020 4:30,9339.5
1/30/2020 4:35,9339.5
1/30/2020 4:40,9339
1/30/2020 4:45,9330
1/30/2020 4:50,9326
1/30/2020 4:55,9324.5
1/30/2020 5:00,9334
1/30/2020 5:05,9329.5
1/30/2020 5:10,9329
1/30/2020 5:15,9322
1/30/2020 5:20,9325
1/30/2020 5:25,9321.5
1/30/2020 5:30,9328
1/30/2020 5:35,9333.5
1/30/2020 5:40,9301
1/30/2020 5:45,9310
1/30/2020 5:50,9308
1/30/2020 5:55,9307
1/30/2020 6:00,9298.5
1/30/2020 6:05,9302.5
1/30/2020 6:10,9308
1/30/2020 6:15,9301.5
1/30/2020 6:20,9316.5
1/30/2020 6:25,9320
1/30/2020 6:30,9323
1/30/2020 6:35,9323
1/30/2020 6:40,9323.5
1/30/2020 6:45,9319.5
1/30/2020 6:50,9314.5
1/30/2020 6:55,9311
1/30/2020 7:00,9325
1/30/2020 7:05,9322.5
1/30/2020 7:10,9324
1/30/2020 7:15,9338.5
1/30/2020 7:20,9337.5
1/30/2020 7:25,9350
1/30/2020 7:30,9357
1/30/2020 7:35,9346.5
1/30/2020 7:40,9362.5
1/30/2020 7:45,9366
1/30/2020 7:50,9382.5
1/30/2020 7:55,9379.5
1/30/2020 8:00,9364
1/30/2020 8:05,9377
1/30/2020 8:10,9379.5
1/30/2020 8:15,9371.5
1/30/2020 8:20,9372
1/30/2020 8:25,9369.5
1/30/2020 8:30,9364
1/30/2020 8:35,9355.5
1/30/2020 8:40,9349
1/30/2020 8:45,9346
1/30/2020 8:50,9349.5
1/30/2020 8:55,9355
1/30/2020 9:00,9366
1/30/2020 9:05,9334.5
1/30/2020 9:10,9320
1/30/2020 9:15,9318
1/30/2020 9:20,9312.5
1/30/2020 9:25,9331.5
1/30/2020 9:30,9332.5
1/30/2020 9:35,9330
1/30/2020 9:40,9341
1/30/2020 9:45,9342.5
1/30/2020 9:50,9335.5
1/30/2020 9:55,9343
1/30/2020 10:00,9349.5
1/30/2020 10:05,9340
1/30/2020 10:10,9337.5
1/30/2020 10:15,9337
1/30/2020 10:20,9339.5
1/30/2020 10:25,9339
1/30/2020 10:30,9327.5
1/30/2020 10:35,9334.5
1/30/2020 10:40,9334.5
1/30/2020 10:45,9325
1/30/2020 10:50,9325
1/30/2020 10:55,9315.5
1/30/2020 11:00,9325
1/30/2020 11:05,9324.5
1/30/2020 11:10,9314.5
1/30/2020 11:15,9307.5
1/30/2020 11:20,9314.5
1/30/2020 11:25,9319
1/30/2020 11:30,9309.5
1/30/2020 11:35,9328
1/30/2020 11:40,9338
1/30/2020 11:45,9337.5
1/30/2020 11:50,9334.5
1/30/2020 11:55,9330
1/30/2020 12:00,9333.5
1/30/2020 12:05,9355.5
1/30/2020 12:10,9357.5
1/30/2020 12:15,9368
1/30/2020 12:20,9360
1/30/2020 12:25,9366
1/30/2020 12:30,9364.5
1/30/2020 12:35,9363.5
1/30/2020 12:40,9378
1/30/2020 12:45,9363
1/30/2020 12:50,9365
1/30/2020 12:55,9365
1/30/2020 13:00,9345
1/30/2020 13:05,9353
1/30/2020 13:10,9373
1/30/2020 13:15,9364.5
1/30/2020 13:20,9373.5
1/30/2020 13:25,9372.5
1/30/2020 13:30,9361.5
1/30/2020 13:35,9373
1/30/2020 13:40,9380
1/30/2020 13:45,9386
1/30/2020 13:50,9377.5
1/30/2020 13:55,9375
1/30/2020 14:00,9349.5
1/30/2020 14:05,9332
1/30/2020 14:10,9339
1/30/2020 14:15,9343.5
1/30/2020 14:20,9334.5
1/30/2020 14:25,9341
1/30/2020 14:30,9353
1/30/2020 14:35,9354
1/30/2020 14:40,9341.5
1/30/2020 14:45,9345
1/30/2020 14:50,9335.5
1/30/2020 14:55,9338.5
1/30/2020 15:00,9333.5
1/30/2020 15:05,9336.5
1/30/2020 15:10,9336
1/30/2020 15:15,9345.5
1/30/2020 15:20,9360.5
1/30/2020 15:25,9360
1/30/2020 15:30,9364
1/30/2020 15:35,9361
1/30/2020 15:40,9359.5
1/30/2020 15:45,9370
1/30/2020 15:50,9367
1/30/2020 15:55,9368
1/30/2020 16:00,9367.5
1/30/2020 16:05,9379
1/30/2020 16:10,9381.5
1/30/2020 16:15,9381
1/30/2020 16:20,9433.5
1/30/2020 16:25,9350.5
1/30/2020 16:30,9248.5
1/30/2020 16:35,9275
1/30/2020 16:40,9310
1/30/2020 16:45,9323.5
1/30/2020 16:50,9324.5
1/30/2020 16:55,9348.5
1/30/2020 17:00,9374.5
1/30/2020 17:05,9430
1/30/2020 17:10,9416.5
1/30/2020 17:15,9449
1/30/2020 17:20,9464
1/30/2020 17:25,9455
1/30/2020 17:30,9490.5
1/30/2020 17:35,9435
1/30/2020 17:40,9447.5
1/30/2020 17:45,9459
1/30/2020 17:50,9462.5
1/30/2020 17:55,9459.5
1/30/2020 18:00,9478
1/30/2020 18:05,9498.5
1/30/2020 18:10,9504
1/30/2020 18:15,9481.5
1/30/2020 18:20,9477
1/30/2020 18:25,9469
1/30/2020 18:30,9464
1/30/2020 18:35,9483
1/30/2020 18:40,9499.5
1/30/2020 18:45,9487.5
1/30/2020 18:50,9492
1/30/2020 18:55,9486
1/30/2020 19:00,9496
1/30/2020 19:05,9501
1/30/2020 19:10,9501.5
1/30/2020 19:15,9506
1/30/2020 19:20,9477.5
1/30/2020 19:25,9467
1/30/2020 19:30,9458.5
1/30/2020 19:35,9460.5
1/30/2020 19:40,9485
1/30/2020 19:45,9492.5
1/30/2020 19:50,9491
1/30/2020 19:55,9490.5
1/30/2020 20:00,9495.5
1/30/2020 20:05,9483.5
1/30/2020 20:10,9499.5
1/30/2020 20:15,9512
1/30/2020 20:20,9536.5
1/30/2020 20:25,9523.5
1/30/2020 20:30,9570
1/30/2020 20:35,9554
1/30/2020 20:40,9561
1/30/2020 20:45,9545
1/30/2020 20:50,9550
1/30/2020 20:55,9566
1/30/2020 21:00,9557
1/30/2020 21:05,9550.5
1/30/2020 21:10,9548.5
1/30/2020 21:15,9548
1/30/2020 21:20,9544.5
1/30/2020 21:25,9545
1/30/2020 21:30,9532.5
1/30/2020 21:35,9530
1/30/2020 21:40,9534.5
1/30/2020 21:45,9537
1/30/2020 21:50,9536.5
1/30/2020 21:55,9554
1/30/2020 22:00,9556
1/30/2020 22:05,9545.5
1/30/2020 22:10,9544
1/30/2020 22:15,9538
1/30/2020 22:20,9537
1/30/2020 22:25,9544
1/30/2020 22:30,9544.5
1/30/2020 22:35,9549.5
1/30/2020 22:40,9541.5
1/30/2020 22:45,9540.5
1/30/2020 22:50,9554
1/30/2020 22:55,9561.5
1/30/2020 23:00,9552
1/30/2020 23:05,9536.5
1/30/2020 23:10,9540.5
1/30/2020 23:15,9552.5
1/30/2020 23:20,9546
1/30/2020 23:25,9534
1/30/2020 23:30,9537
1/30/2020 23:35,9500
1/30/2020 23:40,9475
1/30/2020 23:45,9497.5
1/30/2020 23:50,9515
1/30/2020 23:55,9510
1/31/2020 0:00,9491.5
1/31/2020 0:05,9503
1/31/2020 0:10,9506.5
1/31/2020 0:15,9519.5
1/31/2020 0:20,9516.5
1/31/2020 0:25,9514.5
1/31/2020 0:30,9514
1/31/2020 0:35,9516.5
1/31/2020 0:40,9499.5
1/31/2020 0:45,9493
1/31/2020 0:50,9477
1/31/2020 0:55,9468
1/31/2020 1:00,9470
1/31/2020 1:05,9475
1/31/2020 1:10,9480.5
1/31/2020 1:15,9484
1/31/2020 1:20,9482.5
1/31/2020 1:25,9469
1/31/2020 1:30,9468.5
1/31/2020 1:35,9454.5
1/31/2020 1:40,9470
1/31/2020 1:45,9476
1/31/2020 1:50,9465.5
1/31/2020 1:55,9474
1/31/2020 2:00,9460.5
1/31/2020 2:05,9456
1/31/2020 2:10,9429.5
1/31/2020 2:15,9415
1/31/2020 2:20,9421.5
1/31/2020 2:25,9436
1/31/2020 2:30,9431
1/31/2020 2:35,9425.5
1/31/2020 2:40,9424
1/31/2020 2:45,9426
1/31/2020 2:50,9436.5
1/31/2020 2:55,9436
1/31/2020 3:00,9435
1/31/2020 3:05,9449.5
1/31/2020 3:10,9450
1/31/2020 3:15,9446
1/31/2020 3:20,9443.5
1/31/2020 3:25,9445
1/31/2020 3:30,9454.5
1/31/2020 3:35,9454.5
1/31/2020 3:40,9444.5
1/31/2020 3:45,9450
1/31/2020 3:50,9426
1/31/2020 3:55,9426
1/31/2020 4:00,9414
1/31/2020 4:05,9414.5
1/31/2020 4:10,9408
1/31/2020 4:15,9413.5
1/31/2020 4:20,9421
1/31/2020 4:25,9427.5
1/31/2020 4:30,9429.5
1/31/2020 4:35,9420
1/31/2020 4:40,9410
1/31/2020 4:45,9413
1/31/2020 4:50,9405.5
1/31/2020 4:55,9409
1/31/2020 5:00,9419
1/31/2020 5:05,9417.5
1/31/2020 5:10,9406.5
1/31/2020 5:15,9409
1/31/2020 5:20,9400
1/31/2020 5:25,9399.5
1/31/2020 5:30,9399.5
1/31/2020 5:35,9375.5
1/31/2020 5:40,9374
1/31/2020 5:45,9347.5
1/31/2020 5:50,9359.5
1/31/2020 5:55,9337
1/31/2020 6:00,9332
1/31/2020 6:05,9349.5
1/31/2020 6:10,9350
1/31/2020 6:15,9341
1/31/2020 6:20,9372
1/31/2020 6:25,9370.5
1/31/2020 6:30,9372.5
1/31/2020 6:35,9364.5
1/31/2020 6:40,9354.5
1/31/2020 6:45,9354
1/31/2020 6:50,9354.5
1/31/2020 6:55,9363.5
1/31/2020 7:00,9353
1/31/2020 7:05,9340.5
1/31/2020 7:10,9350.5
1/31/2020 7:15,9347
1/31/2020 7:20,9330.5
1/31/2020 7:25,9331.5
1/31/2020 7:30,9323.5
1/31/2020 7:35,9336
1/31/2020 7:40,9324
1/31/2020 7:45,9332
1/31/2020 7:50,9339.5
1/31/2020 7:55,9359
1/31/2020 8:00,9347
1/31/2020 8:05,9339.5
1/31/2020 8:10,9334
1/31/2020 8:15,9355
1/31/2020 8:20,9339
1/31/2020 8:25,9365.5
1/31/2020 8:30,9368.5
1/31/2020 8:35,9363.5
1/31/2020 8:40,9370
1/31/2020 8:45,9380.5
1/31/2020 8:50,9371.5
1/31/2020 8:55,9367
1/31/2020 9:00,9372
1/31/2020 9:05,9372
1/31/2020 9:10,9376
1/31/2020 9:15,9381
1/31/2020 9:20,9383
1/31/2020 9:25,9376.5
1/31/2020 9:30,9365
1/31/2020 9:35,9370.5
1/31/2020 9:40,9366
1/31/2020 9:45,9359
1/31/2020 9:50,9357.5
1/31/2020 9:55,9340.5
1/31/2020 10:00,9350
1/31/2020 10:05,9352
1/31/2020 10:10,9349.5
1/31/2020 10:15,9339.5
1/31/2020 10:20,9344.5
1/31/2020 10:25,9350
1/31/2020 10:30,9363.5
1/31/2020 10:35,9367.5
1/31/2020 10:40,9365.5
1/31/2020 10:45,9309
1/31/2020 10:50,9306.5
1/31/2020 10:55,9319
1/31/2020 11:00,9301
1/31/2020 11:05,9293.5
1/31/2020 11:10,9327
1/31/2020 11:15,9313.5
1/31/2020 11:20,9327
1/31/2020 11:25,9307
1/31/2020 11:30,9310.5
1/31/2020 11:35,9323
1/31/2020 11:40,9314
1/31/2020 11:45,9318.5
1/31/2020 11:50,9323
1/31/2020 11:55,9315
1/31/2020 12:00,9310
1/31/2020 12:05,9307.5
1/31/2020 12:10,9276
1/31/2020 12:15,9305.5
1/31/2020 12:20,9285.5
1/31/2020 12:25,9283
1/31/2020 12:30,9304.5
1/31/2020 12:35,9285
1/31/2020 12:40,9262
1/31/2020 12:45,9250
1/31/2020 12:50,9270.5
1/31/2020 12:55,9273.5
1/31/2020 13:00,9242.5
1/31/2020 13:05,9247.5
1/31/2020 13:10,9234
1/31/2020 13:15,9233
1/31/2020 13:20,9242
1/31/2020 13:25,9255
1/31/2020 13:30,9255.5
1/31/2020 13:35,9263
1/31/2020 13:40,9267.5
1/31/2020 13:45,9272.5
1/31/2020 13:50,9272
1/31/2020 13:55,9258
1/31/2020 14:00,9267
1/31/2020 14:05,9276
1/31/2020 14:10,9276
1/31/2020 14:15,9259
1/31/2020 14:20,9250.5
1/31/2020 14:25,9237.5
1/31/2020 14:30,9245
1/31/2020 14:35,9231
1/31/2020 14:40,9220
1/31/2020 14:45,9227
1/31/2020 14:50,9246.5
1/31/2020 14:55,9246
1/31/2020 15:00,9257.5
1/31/2020 15:05,9266
1/31/2020 15:10,9269.5
1/31/2020 15:15,9271
1/31/2020 15:20,9259
1/31/2020 15:25,9269
1/31/2020 15:30,9270.5
1/31/2020 15:35,9283
1/31/2020 15:40,9289.5
1/31/2020 15:45,9296
1/31/2020 15:50,9295
1/31/2020 15:55,9313
1/31/2020 16:00,9334
1/31/2020 16:05,9304
1/31/2020 16:10,9317
1/31/2020 16:15,9303.5
1/31/2020 16:20,9299
1/31/2020 16:25,9299
1/31/2020 16:30,9304
1/31/2020 16:35,9287
1/31/2020 16:40,9276.5
1/31/2020 16:45,9275
1/31/2020 16:50,9258
1/31/2020 16:55,9269
1/31/2020 17:00,9283
1/31/2020 17:05,9285.5
1/31/2020 17:10,9281.5
1/31/2020 17:15,9282
1/31/2020 17:20,9293
1/31/2020 17:25,9292.5
1/31/2020 17:30,9268.5
1/31/2020 17:35,9269.5
1/31/2020 17:40,9263
1/31/2020 17:45,9267
1/31/2020 17:50,9267
1/31/2020 17:55,9264.5
1/31/2020 18:00,9269.5
1/31/2020 18:05,9283.5
1/31/2020 18:10,9292
1/31/2020 18:15,9287.5
1/31/2020 18:20,9293.5
1/31/2020 18:25,9291.5
1/31/2020 18:30,9287.5
1/31/2020 18:35,9280.5
1/31/2020 18:40,9289
1/31/2020 18:45,9293.5
1/31/2020 18:50,9298
1/31/2020 18:55,9297.5
1/31/2020 19:00,9282.5
1/31/2020 19:05,9283
1/31/2020 19:10,9302
1/31/2020 19:15,9302.5
1/31/2020 19:20,9283.5
1/31/2020 19:25,9290.5
1/31/2020 19:30,9290.5
1/31/2020 19:35,9291
1/31/2020 19:40,9291.5
1/31/2020 19:45,9291.5
1/31/2020 19:50,9291
1/31/2020 19:55,9284
1/31/2020 20:00,9311
1/31/2020 20:05,9316.5
1/31/2020 20:10,9319.5
1/31/2020 20:15,9319.5
1/31/2020 20:20,9318
1/31/2020 20:25,9294
1/31/2020 20:30,9288
1/31/2020 20:35,9296
1/31/2020 20:40,9303
1/31/2020 20:45,9301
1/31/2020 20:50,9303
1/31/2020 20:55,9303
1/31/2020 21:00,9303
1/31/2020 21:05,9303.5
1/31/2020 21:10,9319.5
1/31/2020 21:15,9321.5
1/31/2020 21:20,9324
1/31/2020 21:25,9313.5
1/31/2020 21:30,9325
1/31/2020 21:35,9333.5
1/31/2020 21:40,9350.5
1/31/2020 21:45,9340
1/31/2020 21:50,9350.5
1/31/2020 21:55,9348
1/31/2020 22:00,9330.5
1/31/2020 22:05,9339
1/31/2020 22:10,9366.5
1/31/2020 22:15,9358
1/31/2020 22:20,9368
1/31/2020 22:25,9370
1/31/2020 22:30,9372.5
1/31/2020 22:35,9369.5
1/31/2020 22:40,9390
1/31/2020 22:45,9407.5
1/31/2020 22:50,9387
1/31/2020 22:55,9396
1/31/2020 23:00,9375.5
1/31/2020 23:05,9392
1/31/2020 23:10,9403
1/31/2020 23:15,9395.5
1/31/2020 23:20,9386
1/31/2020 23:25,9373
1/31/2020 23:30,9382
1/31/2020 23:35,9380.5
1/31/2020 23:40,9378
1/31/2020 23:45,9343.5
1/31/2020 23:50,9328
1/31/2020 23:55,9339.5
2/1/2020 0:00,9343.5
2/1/2020 0:05,9345
2/1/2020 0:10,9368
2/1/2020 0:15,9362.5
2/1/2020 0:20,9363.5
2/1/2020 0:25,9347.5
2/1/2020 0:30,9348
2/1/2020 0:35,9366.5
2/1/2020 0:40,9382
2/1/2020 0:45,9370.5
2/1/2020 0:50,9376.5
2/1/2020 0:55,9373.5
2/1/2020 1:00,9380.5
2/1/2020 1:05,9380.5
2/1/2020 1:10,9404.5
2/1/2020 1:15,9394.5
2/1/2020 1:20,9398.5
2/1/2020 1:25,9398.5
2/1/2020 1:30,9385
2/1/2020 1:35,9387
2/1/2020 1:40,9391
2/1/2020 1:45,9394
2/1/2020 1:50,9403
2/1/2020 1:55,9426.5
2/1/2020 2:00,9413
2/1/2020 2:05,9430
2/1/2020 2:10,9439
2/1/2020 2:15,9441.5
2/1/2020 2:20,9435
2/1/2020 2:25,9431.5
2/1/2020 2:30,9448.5
2/1/2020 2:35,9445.5
2/1/2020 2:40,9444.5
2/1/2020 2:45,9431.5
2/1/2020 2:50,9428.5
2/1/2020 2:55,9436
2/1/2020 3:00,9446
2/1/2020 3:05,9429.5
2/1/2020 3:10,9432
2/1/2020 3:15,9419
2/1/2020 3:20,9419.5
2/1/2020 3:25,9423
2/1/2020 3:30,9417.5
2/1/2020 3:35,9411.5
2/1/2020 3:40,9414.5
2/1/2020 3:45,9417.5
2/1/2020 3:50,9410
2/1/2020 3:55,9422
2/1/2020 4:00,9436.5
2/1/2020 4:05,9428
2/1/2020 4:10,9421
2/1/2020 4:15,9434.5
2/1/2020 4:20,9428
2/1/2020 4:25,9430
2/1/2020 4:30,9433
2/1/2020 4:35,9431
2/1/2020 4:40,9431
2/1/2020 4:45,9415.5
2/1/2020 4:50,9404
2/1/2020 4:55,9401.5
2/1/2020 5:00,9402.5
2/1/2020 5:05,9407.5
2/1/2020 5:10,9404
2/1/2020 5:15,9395
2/1/2020 5:20,9403.5
2/1/2020 5:25,9408
2/1/2020 5:30,9402.5
2/1/2020 5:35,9404
2/1/2020 5:40,9407.5
2/1/2020 5:45,9408
2/1/2020 5:50,9396
2/1/2020 5:55,9387.5
2/1/2020 6:00,9393.5
2/1/2020 6:05,9393
2/1/2020 6:10,9387.5
2/1/2020 6:15,9390
2/1/2020 6:20,9393
2/1/2020 6:25,9397
2/1/2020 6:30,9397.5
2/1/2020 6:35,9397
2/1/2020 6:40,9403
2/1/2020 6:45,9401.5
2/1/2020 6:50,9396
2/1/2020 6:55,9396
2/1/2020 7:00,9413
2/1/2020 7:05,9431.5
2/1/2020 7:10,9439
2/1/2020 7:15,9438
2/1/2020 7:20,9433.5
2/1/2020 7:25,9438
2/1/2020 7:30,9443
2/1/2020 7:35,9445
2/1/2020 7:40,9437.5
2/1/2020 7:45,9433
2/1/2020 7:50,9428
2/1/2020 7:55,9424
2/1/2020 8:00,9421
2/1/2020 8:05,9415.5
2/1/2020 8:10,9418
2/1/2020 8:15,9418
2/1/2020 8:20,9409.5
2/1/2020 8:25,9399.5
2/1/2020 8:30,9389.5
2/1/2020 8:35,9385
2/1/2020 8:40,9388
2/1/2020 8:45,9388
2/1/2020 8:50,9396.5
2/1/2020 8:55,9382.5
2/1/2020 9:00,9370.5
2/1/2020 9:05,9373
2/1/2020 9:10,9365
2/1/2020 9:15,9365.5
2/1/2020 9:20,9365.5
2/1/2020 9:25,9378
2/1/2020 9:30,9379
2/1/2020 9:35,9376
2/1/2020 9:40,9376
2/1/2020 9:45,9385
2/1/2020 9:50,9385.5
2/1/2020 9:55,9385.5
2/1/2020 10:00,9400
2/1/2020 10:05,9402
2/1/2020 10:10,9394
2/1/2020 10:15,9373.5
2/1/2020 10:20,9371
2/1/2020 10:25,9372.5
2/1/2020 10:30,9371
2/1/2020 10:35,9363.5
2/1/2020 10:40,9368
2/1/2020 10:45,9378.5
2/1/2020 10:50,9374.5
2/1/2020 10:55,9373.5
2/1/2020 11:00,9371
2/1/2020 11:05,9362.5
2/1/2020 11:10,9354
2/1/2020 11:15,9354
2/1/2020 11:20,9353.5
2/1/2020 11:25,9339
2/1/2020 11:30,9343.5
2/1/2020 11:35,9345
2/1/2020 11:40,9339.5
2/1/2020 11:45,9327
2/1/2020 11:50,9335
2/1/2020 11:55,9344
2/1/2020 12:00,9357
2/1/2020 12:05,9343
2/1/2020 12:10,9344
2/1/2020 12:15,9341.5
2/1/2020 12:20,9341.5
2/1/2020 12:25,9336
2/1/2020 12:30,9318
2/1/2020 12:35,9322
2/1/2020 12:40,9329.5
2/1/2020 12:45,9305.5
2/1/2020 12:50,9299.5
2/1/2020 12:55,9303
2/1/2020 13:00,9319
2/1/2020 13:05,9338
2/1/2020 13:10,9336.5
2/1/2020 13:15,9344
2/1/2020 13:20,9353
2/1/2020 13:25,9345
2/1/2020 13:30,9341.5
2/1/2020 13:35,9344.5
2/1/2020 13:40,9342
2/1/2020 13:45,9346
2/1/2020 13:50,9353
2/1/2020 13:55,9345.5
2/1/2020 14:00,9318.5
2/1/2020 14:05,9311
2/1/2020 14:10,9303.5
2/1/2020 14:15,9318.5
2/1/2020 14:20,9314.5
2/1/2020 14:25,9314
2/1/2020 14:30,9310
2/1/2020 14:35,9305
2/1/2020 14:40,9313
2/1/2020 14:45,9338.5
2/1/2020 14:50,9342.5
2/1/2020 14:55,9338.5
2/1/2020 15:00,9330
2/1/2020 15:05,9327.5
2/1/2020 15:10,9350.5
2/1/2020 15:15,9354.5
2/1/2020 15:20,9354.5
2/1/2020 15:25,9354
2/1/2020 15:30,9361
2/1/2020 15:35,9360
2/1/2020 15:40,9350
2/1/2020 15:45,9346.5
2/1/2020 15:50,9333
2/1/2020 15:55,9328.5
2/1/2020 16:00,9340
2/1/2020 16:05,9336
2/1/2020 16:10,9336
2/1/2020 16:15,9330.5
2/1/2020 16:20,9335
2/1/2020 16:25,9344
2/1/2020 16:30,9384
2/1/2020 16:35,9376
2/1/2020 16:40,9372.5
2/1/2020 16:45,9380
2/1/2020 16:50,9384.5
2/1/2020 16:55,9393
2/1/2020 17:00,9379.5
2/1/2020 17:05,9377.5
2/1/2020 17:10,9389.5
2/1/2020 17:15,9388.5
2/1/2020 17:20,9403
2/1/2020 17:25,9408
2/1/2020 17:30,9404
2/1/2020 17:35,9388
2/1/2020 17:40,9385
2/1/2020 17:45,9382
2/1/2020 17:50,9380
2/1/2020 17:55,9377.5
2/1/2020 18:00,9383.5
2/1/2020 18:05,9387
2/1/2020 18:10,9386
2/1/2020 18:15,9378.5
2/1/2020 18:20,9380
2/1/2020 18:25,9385
2/1/2020 18:30,9384.5
2/1/2020 18:35,9384.5
2/1/2020 18:40,9360
2/1/2020 18:45,9365
2/1/2020 18:50,9369.5
2/1/2020 18:55,9377
2/1/2020 19:00,9376.5
2/1/2020 19:05,9375.5
2/1/2020 19:10,9375.5
2/1/2020 19:15,9375
2/1/2020 19:20,9362
2/1/2020 19:25,9354
2/1/2020 19:30,9361
2/1/2020 19:35,9361
2/1/2020 19:40,9361.5
2/1/2020 19:45,9361.5
2/1/2020 19:50,9349.5
2/1/2020 19:55,9348
2/1/2020 20:00,9351
2/1/2020 20:05,9349
2/1/2020 20:10,9355.5
2/1/2020 20:15,9357
2/1/2020 20:20,9362.5
2/1/2020 20:25,9370
2/1/2020 20:30,9370
2/1/2020 20:35,9376.5
2/1/2020 20:40,9370.5
2/1/2020 20:45,9370.5
2/1/2020 20:50,9368
2/1/2020 20:55,9368.5
2/1/2020 21:00,9366.5
2/1/2020 21:05,9365
2/1/2020 21:10,9365
2/1/2020 21:15,9365
2/1/2020 21:20,9364
2/1/2020 21:25,9364.5
2/1/2020 21:30,9364
2/1/2020 21:35,9364.5
2/1/2020 21:40,9364
2/1/2020 21:45,9364
2/1/2020 21:50,9364
2/1/2020 21:55,9364.5
2/1/2020 22:00,9379
2/1/2020 22:05,9386
2/1/2020 22:10,9386
2/1/2020 22:15,9397
2/1/2020 22:20,9380.5
2/1/2020 22:25,9378
2/1/2020 22:30,9375
2/1/2020 22:35,9340.5
2/1/2020 22:40,9359
2/1/2020 22:45,9361.5
2/1/2020 22:50,9362
2/1/2020 22:55,9372.5
2/1/2020 23:00,9377.5
2/1/2020 23:05,9384.5
2/1/2020 23:10,9399.5
2/1/2020 23:15,9398
2/1/2020 23:20,9390
2/1/2020 23:25,9386
2/1/2020 23:30,9382.5
2/1/2020 23:35,9381
2/1/2020 23:40,9378.5
2/1/2020 23:45,9388
2/1/2020 23:50,9386.5
2/1/2020 23:55,9382
2/2/2020 0:00,9372.5
2/2/2020 0:05,9360.5
2/2/2020 0:10,9362
2/2/2020 0:15,9359.5
2/2/2020 0:20,9364
2/2/2020 0:25,9354.5
2/2/2020 0:30,9335.5
2/2/2020 0:35,9338
2/2/2020 0:40,9351.5
2/2/2020 0:45,9339.5
2/2/2020 0:50,9330
2/2/2020 0:55,9322.5
2/2/2020 1:00,9326.5
2/2/2020 1:05,9321
2/2/2020 1:10,9310.5
2/2/2020 1:15,9310.5
2/2/2020 1:20,9312
2/2/2020 1:25,9329
2/2/2020 1:30,9329.5
2/2/2020 1:35,9322.5
2/2/2020 1:40,9325
2/2/2020 1:45,9333
2/2/2020 1:50,9334.5
2/2/2020 1:55,9322
2/2/2020 2:00,9321
2/2/2020 2:05,9308
2/2/2020 2:10,9259.5
2/2/2020 2:15,9262
2/2/2020 2:20,9262.5
2/2/2020 2:25,9266
2/2/2020 2:30,9248
2/2/2020 2:35,9254
2/2/2020 2:40,9274.5
2/2/2020 2:45,9284.5
2/2/2020 2:50,9277.5
2/2/2020 2:55,9264
2/2/2020 3:00,9272
2/2/2020 3:05,9265
2/2/2020 3:10,9274
2/2/2020 3:15,9282
2/2/2020 3:20,9281
2/2/2020 3:25,9281
2/2/2020 3:30,9271
2/2/2020 3:35,9256.5
2/2/2020 3:40,9252
2/2/2020 3:45,9255.5
2/2/2020 3:50,9261.5
2/2/2020 3:55,9262
2/2/2020 4:00,9250.5
2/2/2020 4:05,9208.5
2/2/2020 4:10,9207
2/2/2020 4:15,9230
2/2/2020 4:20,9232
2/2/2020 4:25,9247.5
2/2/2020 4:30,9300
2/2/2020 4:35,9302
2/2/2020 4:40,9301
2/2/2020 4:45,9313.5
2/2/2020 4:50,9313
2/2/2020 4:55,9317
2/2/2020 5:00,9308.5
2/2/2020 5:05,9307.5
2/2/2020 5:10,9299
2/2/2020 5:15,9309
2/2/2020 5:20,9299
2/2/2020 5:25,9296.5
2/2/2020 5:30,9303.5
2/2/2020 5:35,9298.5
2/2/2020 5:40,9298.5
2/2/2020 5:45,9312.5
2/2/2020 5:50,9308
2/2/2020 5:55,9302
2/2/2020 6:00,9287.5
2/2/2020 6:05,9290
2/2/2020 6:10,9286.5
2/2/2020 6:15,9295.5
2/2/2020 6:20,9299
2/2/2020 6:25,9319
2/2/2020 6:30,9330
2/2/2020 6:35,9346.5
2/2/2020 6:40,9372
2/2/2020 6:45,9372
2/2/2020 6:50,9364.5
2/2/2020 6:55,9361.5
2/2/2020 7:00,9369
2/2/2020 7:05,9364.5
2/2/2020 7:10,9354.5
2/2/2020 7:15,9356.5
2/2/2020 7:20,9357
2/2/2020 7:25,9364
2/2/2020 7:30,9359
2/2/2020 7:35,9365
2/2/2020 7:40,9381
2/2/2020 7:45,9368.5
2/2/2020 7:50,9368
2/2/2020 7:55,9368
2/2/2020 8:00,9359.5
2/2/2020 8:05,9358.5
2/2/2020 8:10,9360.5
2/2/2020 8:15,9362
2/2/2020 8:20,9353
2/2/2020 8:25,9350
2/2/2020 8:30,9360
2/2/2020 8:35,9365
2/2/2020 8:40,9368
2/2/2020 8:45,9379.5
2/2/2020 8:50,9361
2/2/2020 8:55,9365
2/2/2020 9:00,9366
2/2/2020 9:05,9362
2/2/2020 9:10,9356
2/2/2020 9:15,9364.5
2/2/2020 9:20,9364
2/2/2020 9:25,9361.5
2/2/2020 9:30,9361.5
2/2/2020 9:35,9368
2/2/2020 9:40,9371
2/2/2020 9:45,9367.5
2/2/2020 9:50,9381
2/2/2020 9:55,9379
2/2/2020 10:00,9404
2/2/2020 10:05,9427
2/2/2020 10:10,9433.5
2/2/2020 10:15,9424
2/2/2020 10:20,9415
2/2/2020 10:25,9415
2/2/2020 10:30,9427.5
2/2/2020 10:35,9438.5
2/2/2020 10:40,9444
2/2/2020 10:45,9440
2/2/2020 10:50,9430.5
2/2/2020 10:55,9423
2/2/2020 11:00,9425
2/2/2020 11:05,9419
2/2/2020 11:10,9413
2/2/2020 11:15,9425.5
2/2/2020 11:20,9430.5
2/2/2020 11:25,9424.5
2/2/2020 11:30,9424.5
2/2/2020 11:35,9425
2/2/2020 11:40,9430.5
2/2/2020 11:45,9427
2/2/2020 11:50,9427
2/2/2020 11:55,9427.5
2/2/2020 12:00,9444.5
2/2/2020 12:05,9442.5
2/2/2020 12:10,9449
2/2/2020 12:15,9461
2/2/2020 12:20,9467
2/2/2020 12:25,9444
2/2/2020 12:30,9424.5
2/2/2020 12:35,9429.5
2/2/2020 12:40,9415
2/2/2020 12:45,9413.5
2/2/2020 12:50,9423
2/2/2020 12:55,9424.5
2/2/2020 13:00,9413
2/2/2020 13:05,9410.5
2/2/2020 13:10,9417.5
2/2/2020 13:15,9421.5
2/2/2020 13:20,9431
2/2/2020 13:25,9425
2/2/2020 13:30,9432
2/2/2020 13:35,9432
2/2/2020 13:40,9430.5
2/2/2020 13:45,9425.5
2/2/2020 13:50,9422
2/2/2020 13:55,9424.5
2/2/2020 14:00,9422
2/2/2020 14:05,9383.5
2/2/2020 14:10,9392
2/2/2020 14:15,9389
2/2/2020 14:20,9404
2/2/2020 14:25,9405.5
2/2/2020 14:30,9455.5
2/2/2020 14:35,9452
2/2/2020 14:40,9446.5
2/2/2020 14:45,9451
2/2/2020 14:50,9447
2/2/2020 14:55,9452.5
2/2/2020 15:00,9468.5
2/2/2020 15:05,9456.5
2/2/2020 15:10,9460.5
2/2/2020 15:15,9466.5
2/2/2020 15:20,9456
2/2/2020 15:25,9452.5
2/2/2020 15:30,9448
2/2/2020 15:35,9456
2/2/2020 15:40,9459.5
2/2/2020 15:45,9457
2/2/2020 15:50,9465
2/2/2020 15:55,9457
2/2/2020 16:00,9444
2/2/2020 16:05,9444.5
2/2/2020 16:10,9453.5
2/2/2020 16:15,9437.5
2/2/2020 16:20,9434.5
2/2/2020 16:25,9437.5
2/2/2020 16:30,9450
2/2/2020 16:35,9453
2/2/2020 16:40,9458
2/2/2020 16:45,9442.5
2/2/2020 16:50,9443.5
2/2/2020 16:55,9438.5
2/2/2020 17:00,9444.5
2/2/2020 17:05,9438.5
2/2/2020 17:10,9414
2/2/2020 17:15,9433.5
2/2/2020 17:20,9433.5
2/2/2020 17:25,9443
2/2/2020 17:30,9454
2/2/2020 17:35,9450.5
2/2/2020 17:40,9451.5
2/2/2020 17:45,9454
2/2/2020 17:50,9445.5
2/2/2020 17:55,9443
2/2/2020 18:00,9452
2/2/2020 18:05,9452
2/2/2020 18:10,9445.5
2/2/2020 18:15,9453.5
2/2/2020 18:20,9450.5
2/2/2020 18:25,9450.5
2/2/2020 18:30,9459.5
2/2/2020 18:35,9461
2/2/2020 18:40,9452.5
2/2/2020 18:45,9452
2/2/2020 18:50,9453
2/2/2020 18:55,9452.5
2/2/2020 19:00,9445.5
2/2/2020 19:05,9443
2/2/2020 19:10,9452.5
2/2/2020 19:15,9460.5
2/2/2020 19:20,9460.5
2/2/2020 19:25,9462.5
2/2/2020 19:30,9462
2/2/2020 19:35,9460
2/2/2020 19:40,9468
2/2/2020 19:45,9454
2/2/2020 19:50,9454
2/2/2020 19:55,9447
2/2/2020 20:00,9453
2/2/2020 20:05,9450.5
2/2/2020 20:10,9447.5
2/2/2020 20:15,9451
2/2/2020 20:20,9448.5
2/2/2020 20:25,9454.5
2/2/2020 20:30,9454
2/2/2020 20:35,9453.5
2/2/2020 20:40,9430.5
2/2/2020 20:45,9431
2/2/2020 20:50,9436
2/2/2020 20:55,9442.5
2/2/2020 21:00,9442.5
2/2/2020 21:05,9439.5
2/2/2020 21:10,9430
2/2/2020 21:15,9430.5
2/2/2020 21:20,9430.5
2/2/2020 21:25,9431
2/2/2020 21:30,9435
2/2/2020 21:35,9432.5
2/2/2020 21:40,9432.5
2/2/2020 21:45,9448
2/2/2020 21:50,9445
2/2/2020 21:55,9443
2/2/2020 22:00,9422.5
2/2/2020 22:05,9422.5
2/2/2020 22:10,9414.5
2/2/2020 22:15,9419.5
2/2/2020 22:20,9435
2/2/2020 22:25,9407
2/2/2020 22:30,9385
2/2/2020 22:35,9392
2/2/2020 22:40,9383.5
2/2/2020 22:45,9405
2/2/2020 22:50,9394.5
2/2/2020 22:55,9382.5
2/2/2020 23:00,9370.5
2/2/2020 23:05,9401
2/2/2020 23:10,9399.5
2/2/2020 23:15,9383
2/2/2020 23:20,9365
2/2/2020 23:25,9350.5
2/2/2020 23:30,9342
2/2/2020 23:35,9340.5
2/2/2020 23:40,9348
2/2/2020 23:45,9338
2/2/2020 23:50,9335
2/2/2020 23:55,9325
2/3/2020 0:00,9298
